{"cameraMode":{"drawMode":0,"name":"Shaded","section":"Shading Mode"},"sceneLighting":false,"audioPlay":false,"sceneViewState":{"showFog":true,"showMaterialUpdate":false,"showSkybox":true,"showFlares":true,"showImageEffects":true,"showParticleSystems":true},"in2DMode":false,"pivot":{"x":0.48118579387664797,"y":0.4400014877319336,"z":-0.2873213291168213},"rotation":{"x":-0.43414947390556338,"y":0.35353103280067446,"z":-0.1902264952659607,"w":-0.8064713478088379},"size":2.1247198581695558,"orthographic":false}