{"cameraMode":{"drawMode":0,"name":"Shaded","section":"Shading Mode"},"sceneLighting":false,"audioPlay":false,"sceneViewState":{"showFog":true,"showMaterialUpdate":false,"showSkybox":false,"showFlares":true,"showImageEffects":true,"showParticleSystems":true},"in2DMode":false,"pivot":{"x":0.04999995231628418,"y":0.05000000074505806,"z":0.04999995231628418},"rotation":{"x":-0.35462039709091189,"y":0.5354083776473999,"z":-0.26380857825279238,"w":-0.719714343547821},"size":2.0512192249298097,"orthographic":false}