{"cameraMode":{"drawMode":0,"name":"Shaded","section":"Shading Mode"},"sceneLighting":false,"audioPlay":false,"sceneViewState":{"showFog":true,"showMaterialUpdate":false,"showSkybox":false,"showFlares":true,"showImageEffects":true,"showParticleSystems":true},"in2DMode":false,"pivot":{"x":-1.0035001039505005,"y":9.419093132019043,"z":-5.120888710021973},"rotation":{"x":-0.41722410917282107,"y":-0.03897092118859291,"z":0.01791122928261757,"w":-0.9077931046485901},"size":0.9324225783348084,"orthographic":false}