{"cameraMode":{"drawMode":0,"name":"Shaded","section":"Shading Mode"},"sceneLighting":false,"audioPlay":false,"sceneViewState":{"showFog":true,"showMaterialUpdate":false,"showSkybox":true,"showFlares":true,"showImageEffects":true,"showParticleSystems":true},"in2DMode":false,"pivot":{"x":0.04999995231628418,"y":0.05000000074505806,"z":0.04999995231628418},"rotation":{"x":-0.2797100245952606,"y":0.5162244439125061,"z":-0.1830061674118042,"w":-0.7885668873786926},"size":6.769023895263672,"orthographic":false}