{"cameraMode":{"drawMode":0,"name":"Shaded","section":"Shading Mode"},"sceneLighting":false,"audioPlay":false,"sceneViewState":{"showFog":true,"showMaterialUpdate":false,"showSkybox":true,"showFlares":true,"showImageEffects":true,"showParticleSystems":true},"in2DMode":false,"pivot":{"x":0.07181000709533692,"y":0.07569360733032227,"z":0.4507829546928406},"rotation":{"x":0.2108013778924942,"y":-0.7177161574363709,"z":0.24535304307937623,"w":0.6166431903839111},"size":4.792564868927002,"orthographic":false}