{"cameraMode":{"drawMode":0,"name":"Shaded","section":"Shading Mode"},"sceneLighting":true,"audioPlay":false,"sceneViewState":{"showFog":true,"showMaterialUpdate":false,"showSkybox":true,"showFlares":true,"showImageEffects":true,"showParticleSystems":true},"in2DMode":false,"pivot":{"x":183.77557373046876,"y":386.988525390625,"z":0.0},"rotation":{"x":0.07223956286907196,"y":0.015270746313035488,"z":-0.0011036221403628588,"w":0.9972790479660034},"size":151.84234619140626,"orthographic":false}