{"cameraMode":{"drawMode":0,"name":"Shaded","section":"Shading Mode"},"sceneLighting":false,"audioPlay":false,"sceneViewState":{"showFog":true,"showMaterialUpdate":false,"showSkybox":true,"showFlares":true,"showImageEffects":true,"showParticleSystems":true},"in2DMode":false,"pivot":{"x":-0.6712968349456787,"y":0.26677966117858889,"z":-0.6171095371246338},"rotation":{"x":-0.42587435245513918,"y":0.15799003839492799,"z":-0.0757129043340683,"w":-0.8876882195472717},"size":2.1247198581695558,"orthographic":false}