{"cameraMode":{"drawMode":0,"name":"Shaded","section":"Shading Mode"},"sceneLighting":false,"audioPlay":false,"sceneViewState":{"showFog":true,"showMaterialUpdate":false,"showSkybox":true,"showFlares":true,"showImageEffects":true,"showParticleSystems":true},"in2DMode":false,"pivot":{"x":-197.06654357910157,"y":-108.27047729492188,"z":-1.9808534383773804},"rotation":{"x":-0.08122111111879349,"y":-0.0035614464432001116,"z":0.0004111384623683989,"w":-0.9967410564422607},"size":0.49851158261299136,"orthographic":false}