{"cameraMode":{"drawMode":0,"name":"Shaded","section":"Shading Mode"},"sceneLighting":false,"audioPlay":false,"sceneViewState":{"showFog":true,"showMaterialUpdate":false,"showSkybox":true,"showFlares":true,"showImageEffects":true,"showParticleSystems":true},"in2DMode":false,"pivot":{"x":7.682162761688232,"y":-5.451124668121338,"z":-1.6364325284957886},"rotation":{"x":0.21673926711082459,"y":0.7226778864860535,"z":-0.260029137134552,"w":0.6027522683143616},"size":7.524730682373047,"orthographic":false}