{"cameraMode":{"drawMode":0,"name":"Shaded","section":"Shading Mode"},"sceneLighting":false,"audioPlay":false,"sceneViewState":{"showFog":true,"showMaterialUpdate":false,"showSkybox":true,"showFlares":true,"showImageEffects":true,"showParticleSystems":true},"in2DMode":false,"pivot":{"x":0.04999995231628418,"y":0.05000000074505806,"z":-7.669999599456787},"rotation":{"x":0.3886452615261078,"y":-0.40066763758659365,"z":0.19296982884407044,"w":0.8070299029350281},"size":2.2644171714782717,"orthographic":false}