{"cameraMode":{"drawMode":0,"name":"Shaded","section":"Shading Mode"},"sceneLighting":false,"audioPlay":false,"sceneViewState":{"showFog":true,"showMaterialUpdate":false,"showSkybox":false,"showFlares":true,"showImageEffects":true,"showParticleSystems":true},"in2DMode":false,"pivot":{"x":104.1606674194336,"y":26.4481201171875,"z":-0.9765625},"rotation":{"x":0.004810336511582136,"y":0.0003110507386736572,"z":8.56681708683027e-7,"w":0.9999975562095642},"size":51.615684509277347,"orthographic":true}