{"cameraMode":{"drawMode":0,"name":"Shaded","section":"Shading Mode"},"sceneLighting":false,"audioPlay":false,"sceneViewState":{"showFog":true,"showMaterialUpdate":false,"showSkybox":true,"showFlares":true,"showImageEffects":true,"showParticleSystems":true},"in2DMode":false,"pivot":{"x":-0.24707722663879395,"y":-1.4009671211242676,"z":-6.393117427825928},"rotation":{"x":0.3331884741783142,"y":-0.606562077999115,"z":0.3100234568119049,"w":0.6518868803977966},"size":3.4974660873413088,"orthographic":false}