{"cameraMode":{"drawMode":0,"name":"Shaded","section":"Shading Mode"},"sceneLighting":false,"audioPlay":false,"sceneViewState":{"showFog":true,"showMaterialUpdate":false,"showSkybox":true,"showFlares":true,"showImageEffects":true,"showParticleSystems":true},"in2DMode":false,"pivot":{"x":0.04999995231628418,"y":0.800000011920929,"z":0.04999995231628418},"rotation":{"x":-0.43414947390556338,"y":0.35353103280067446,"z":-0.1902264952659607,"w":-0.8064713478088379},"size":7.263749122619629,"orthographic":false}