{"cameraMode":{"drawMode":0,"name":"Shaded","section":"Shading Mode"},"sceneLighting":false,"audioPlay":false,"sceneViewState":{"showFog":true,"showMaterialUpdate":false,"showSkybox":true,"showFlares":true,"showImageEffects":true,"showParticleSystems":true},"in2DMode":false,"pivot":{"x":-1.9835535287857056,"y":-2.8570642471313478,"z":2.3857336044311525},"rotation":{"x":-0.41894590854644778,"y":0.33234885334968569,"z":-0.1680384874343872,"w":-0.8281563520431519},"size":4.8247199058532719,"orthographic":false}