{"cameraMode":{"drawMode":0,"name":"Shaded","section":"Shading Mode"},"sceneLighting":false,"audioPlay":false,"sceneViewState":{"showFog":true,"showMaterialUpdate":false,"showSkybox":true,"showFlares":true,"showImageEffects":true,"showParticleSystems":true},"in2DMode":false,"pivot":{"x":0.04999995231628418,"y":0.05000000074505806,"z":0.04999995231628418},"rotation":{"x":0.2013741135597229,"y":-0.5729385614395142,"z":0.14757530391216279,"w":0.780756950378418},"size":6.769023895263672,"orthographic":false}