{"cameraMode":{"drawMode":0,"name":"Shaded","section":"Shading Mode"},"sceneLighting":false,"audioPlay":false,"sceneViewState":{"showFog":true,"showMaterialUpdate":false,"showSkybox":false,"showFlares":true,"showImageEffects":true,"showParticleSystems":true},"in2DMode":false,"pivot":{"x":-0.35775232315063479,"y":-0.9606308937072754,"z":-0.023788154125213624},"rotation":{"x":0.19828450679779054,"y":0.6191791296005249,"z":-0.16563628613948823,"w":0.7416415810585022},"size":2.0512192249298097,"orthographic":false}